doi,relevant_yn,No
https://www.scopus.com/inward/record.uri?eid=2-s2.0-0021039628&partnerID=40&md5=3d484d27755726217d6a8a5c0f025fe3,,2
10.1002/etc.5620030119,,3
https://www.scopus.com/inward/record.uri?eid=2-s2.0-0003373255&doi=10.1007%2fBF00310213&partnerID=40&md5=38fbf9bb5e5e6def36ae2595ec10c033,,4
10.1002/zoo.1430040304,,5
10.1002/etc.5620070309,,7
10.1002/etc.5620070507,,8
https://www.scopus.com/inward/record.uri?eid=2-s2.0-0024227727&doi=10.2307%2f3800934&partnerID=40&md5=bb0e32dd05eb0c922762ae004cc947e5,,9
https://www.scopus.com/inward/record.uri?eid=2-s2.0-0024744840&doi=10.7589%2f0090-3558-25.4.555&partnerID=40&md5=6c103b6aab6c5f99ac172da8351e049e,,10
https://www.scopus.com/inward/record.uri?eid=2-s2.0-0024908092&partnerID=40&md5=496ae1246baa2d55113dee6dd4474aaf,,11
https://www.scopus.com/inward/record.uri?eid=2-s2.0-0025280180&doi=10.1002%2fjez.1402530204&partnerID=40&md5=783e9f719e93d3dafa56854273144f91,,12
https://www.scopus.com/inward/record.uri?eid=2-s2.0-0025632545&doi=10.1111%2fj.1469-7998.1990.tb04018.x&partnerID=40&md5=36566c2c5c0aea8a09f170b108a997a6,,13
https://www.scopus.com/inward/record.uri?eid=2-s2.0-0025205772&doi=10.1016%2fS0003-3472%2805%2980737-7&partnerID=40&md5=96c3185ade8fe6773b6b12daf5a3ed35,,14
https://www.scopus.com/inward/record.uri?eid=2-s2.0-84989625554&doi=10.1002%2fjez.1402560516&partnerID=40&md5=770e9843a83c23010e98e28c66b85aed,,15
https://www.scopus.com/inward/record.uri?eid=2-s2.0-0025093820&doi=10.7589%2f0090-3558-26.1.1&partnerID=40&md5=7989356350bec5178f2725554fcfe5b1,,16
10.1002/etc.5620090615,,17
https://www.scopus.com/inward/record.uri?eid=2-s2.0-0026288339&doi=10.2307%2f3809507&partnerID=40&md5=b0b3c498eeb99e6587573468563351ef,,18
https://www.scopus.com/inward/record.uri?eid=2-s2.0-0026046743&doi=10.1007%2fBF00172135&partnerID=40&md5=a02edde037bcdf8fa8baa3b2da3b824e,,19
10.1002/etc.5620100413,,20
10.2307/2937094,,21
https://www.scopus.com/inward/record.uri?eid=2-s2.0-0027011439&doi=10.3354%2fmeps088289&partnerID=40&md5=fdf59a0ae15a5760731f7fd033532577,,22
https://www.scopus.com/inward/record.uri?eid=2-s2.0-0027866185&doi=10.2307%2f3809069&partnerID=40&md5=683bb215b28f5b6828b09406f6e69a99,,23
https://www.scopus.com/inward/record.uri?eid=2-s2.0-0027804770&doi=10.2307%2f3809067&partnerID=40&md5=245aa345b37fcfd21661e802cc1df234,,24
https://www.scopus.com/inward/record.uri?eid=2-s2.0-0027675319&doi=10.7589%2f0090-3558-29.4.582&partnerID=40&md5=1b36dad46f3f30ccf7df01dacb4d6322,,25
10.1002/etc.5620120922,,26
https://www.scopus.com/inward/record.uri?eid=2-s2.0-0027505467&doi=10.2307%2f3809006&partnerID=40&md5=dc015520066bca922b7ae7792eda1616,,27
https://www.scopus.com/inward/record.uri?eid=2-s2.0-0027794955&doi=10.2307%2f3809065&partnerID=40&md5=c25d50ad9fbca71eb7cbb6be29de5fb5,,28
10.1002/etc.5620121119,,29
https://www.scopus.com/inward/record.uri?eid=2-s2.0-0028163601&doi=10.1111%2fj.1469-7998.1994.tb06069.x&partnerID=40&md5=7f57ae6efd9fc30b896da867724c942e,,30
https://www.scopus.com/inward/record.uri?eid=2-s2.0-0028590668&doi=10.2307%2f3809562&partnerID=40&md5=193bea14dbfbcd227940de71247acc48,,31
https://www.scopus.com/inward/record.uri?eid=2-s2.0-0028313894&doi=10.1017%2fS0959270900002744&partnerID=40&md5=8fb837ccd2ae092e0d9a474fa92b39f9,,32
10.1007/BF00183480,,33
10.1007/BF00184425,,34
10.1002/etc.5620140913,,35
https://www.scopus.com/inward/record.uri?eid=2-s2.0-0013442709&doi=10.2307%2f4088732&partnerID=40&md5=ecdc526ea97683cd84ab11d75de5819d,,36
https://www.scopus.com/inward/record.uri?eid=2-s2.0-0029528132&doi=10.2307%2f3801951&partnerID=40&md5=6e8d6cbcd144bfea675868eb6357ad7c,,37
10.1002/zoo.1430140209,,38
https://www.scopus.com/inward/record.uri?eid=2-s2.0-0030305611&partnerID=40&md5=6b00e6ea186104226e5273b8a81c68fe,,39
https://www.scopus.com/inward/record.uri?eid=2-s2.0-0030305546&partnerID=40&md5=8f13bfee686672930dbefed5f6fe0b81,,40
https://www.scopus.com/inward/record.uri?eid=2-s2.0-0030222564&partnerID=40&md5=7164dedbef8f7537250da5fef49810c6,,41
10.14430/arctic1186,,42
10.1002/etc.5620150926,,43
10.2307/1369147,,44
10.2307/3802233,,45
https://www.scopus.com/inward/record.uri?eid=2-s2.0-0030222546&partnerID=40&md5=808b8e4889f888341c37f8153a94b37e,,46
https://www.scopus.com/inward/record.uri?eid=2-s2.0-0030556802&partnerID=40&md5=9907cae87c94f0cc42176071be033e82,,47
10.2307/1369502,,48
10.2307/3802047,,49
https://www.scopus.com/inward/record.uri?eid=2-s2.0-0000621550&partnerID=40&md5=c6f7b358aae049d7ac794556962d31fa,,50
https://www.scopus.com/inward/record.uri?eid=2-s2.0-0030222551&partnerID=40&md5=959c4be6f479348a49d28a2639a62bfc,,51
10.2307/3802386,,52
10.2307/3802225,,53
https://www.scopus.com/inward/record.uri?eid=2-s2.0-0000303152&doi=10.2307%2f4088933&partnerID=40&md5=2a6b1d37d6686d1e4e8b814e1e0a6d54,,54
https://www.scopus.com/inward/record.uri?eid=2-s2.0-0030535295&partnerID=40&md5=b849a016ebfb66bb75ab72b0771856b9,,55
10.2307/3802072,,56
https://www.scopus.com/inward/record.uri?eid=2-s2.0-0030457908&doi=10.2307%2f4088853&partnerID=40&md5=32a42be8a1cd260a10ba66821b78b6ac,,57
,,58
,,59
,,60
https://www.scopus.com/inward/record.uri?eid=2-s2.0-0031232353&partnerID=40&md5=6eff54130117f8fdcb46ef3e81682325,,61
10.2307/3802590,,62
10.7589/0090-3558-33.1.158,,63
10.1093/beheco/8.6.595,,64
10.2307/1370470,,65
10.1093/beheco/8.3.340,,66
10.1890/1051-0761(1997)007[0581:NPDOSS]2.0.CO;2,,67
https://www.scopus.com/inward/record.uri?eid=2-s2.0-0030905524&partnerID=40&md5=f070caa60ef384a3ab7015aa168cd0a3,,68
10.1897/1551-5028(1997)016<1687:EOGPFA>2.3.CO;2,,69
,,70
,,71
https://www.scopus.com/inward/record.uri?eid=2-s2.0-0031418150&partnerID=40&md5=055f6c198d071360081813198d3c1ed6,,72
https://www.scopus.com/inward/record.uri?eid=2-s2.0-0032257935&partnerID=40&md5=cce378ca7637da4b4d9848c8cc7d877e,,73
https://www.scopus.com/inward/record.uri?eid=2-s2.0-0032017883&partnerID=40&md5=13231dbb3ab1d857d150bd43b5da7be4,,74
https://www.scopus.com/inward/record.uri?eid=2-s2.0-0031850914&doi=10.2307%2f4089408&partnerID=40&md5=3d8b08e92b7bef2b4f86e6f85237d646,,75
10.2307/3802012,,76
https://www.scopus.com/inward/record.uri?eid=2-s2.0-0032052630&doi=10.1006%2fanbe.1997.0670&partnerID=40&md5=a99833792d1825a06bf4cad41055e127,,77
10.1111/j.1442-9993.1998.tb00750.x,,78
https://www.scopus.com/inward/record.uri?eid=2-s2.0-0031713774&partnerID=40&md5=b550708bf5bc6124580df16058653846,,79
https://www.scopus.com/inward/record.uri?eid=2-s2.0-0031955109&doi=10.2307%2f4089193&partnerID=40&md5=4534d58ac1f49e005f96d6b448453bdb,,80
10.2307/3802011,,81
10.1897/1551-5028(1998)017<0526:EOAROA>2.3.CO;2,,82
https://www.scopus.com/inward/record.uri?eid=2-s2.0-0031954648&partnerID=40&md5=9c81ab51c7e97a60e25d83ec248309be,,83
10.3354/meps165161,,84
https://www.scopus.com/inward/record.uri?eid=2-s2.0-0033423924&partnerID=40&md5=ac0ba8edf9966a22c215dc4ad33eca10,,85
10.2307/3802497,,86
https://www.scopus.com/inward/record.uri?eid=2-s2.0-0033414432&partnerID=40&md5=004798f5453af268b71a1c3fe4ba2c76,,87
https://www.scopus.com/inward/record.uri?eid=2-s2.0-0033452261&doi=10.1080%2f00063659909477231&partnerID=40&md5=cce33bc6ef351954902d74fde155a63b,,88
https://www.scopus.com/inward/record.uri?eid=2-s2.0-0033459821&partnerID=40&md5=70becf47d3315295d78e71e867c05057,,89
10.2307/3802524,,90
https://www.scopus.com/inward/record.uri?eid=2-s2.0-0033243876&partnerID=40&md5=17f9fca878d30a582979e4d31725343a,,91
https://www.scopus.com/inward/record.uri?eid=2-s2.0-0032746260&doi=10.2307%2f4089687&partnerID=40&md5=f79d516e9749add00d92f06ecf7c3b2c,,92
10.2307/1370002,,93
https://www.scopus.com/inward/record.uri?eid=2-s2.0-0033381065&doi=10.1071%2fMU99031&partnerID=40&md5=2a69298427f651ab7c4d190e392e6ff7,,94
https://www.scopus.com/inward/record.uri?eid=2-s2.0-0032856593&partnerID=40&md5=26acb7677491521ad53de565041496e7,,95
https://www.scopus.com/inward/record.uri?eid=2-s2.0-0032738575&doi=10.1674%2f0003-0031%281999%29142%5b0291%3aSOBARP%5d2.0.CO%3b2&partnerID=40&md5=8e3d04e8f13e73c4985150ec77f09e69,,96
10.2307/3802854,,97
https://www.scopus.com/inward/record.uri?eid=2-s2.0-0033382869&doi=10.1017%2fS095927090000352X&partnerID=40&md5=8500a4790cec1213be70ec10c1c5beae,,98
,,99
,,100
https://www.scopus.com/inward/record.uri?eid=2-s2.0-0034257724&doi=10.1648%2f0273-8570-71.4.702&partnerID=40&md5=4af90822e2d948ec88a31386eae0e773,,101
10.2307/3803252,,102
10.2307/3802995,,103
https://www.scopus.com/inward/record.uri?eid=2-s2.0-0034349744&partnerID=40&md5=08104f7483d43547f75c2436bb4071cd,,104
https://www.scopus.com/inward/record.uri?eid=2-s2.0-0034007982&doi=10.2307%2f4089711&partnerID=40&md5=dc6f44e1abbb17184e411db292930374,,105
10.2307/3803201,,106
https://www.scopus.com/inward/record.uri?eid=2-s2.0-0034347829&doi=10.1648%2f0273-8570-71.3.385&partnerID=40&md5=c7bca980e803b9adad5ce8fc0418071a,,107
10.1007/s004420000445,,108
10.7589/0090-3558-36.2.324,,109
10.1007/PL00008853,,110
https://www.scopus.com/inward/record.uri?eid=2-s2.0-0033915238&partnerID=40&md5=bcd7e43764a7d8ebc089de2a37e7f34f,,111
https://www.scopus.com/inward/record.uri?eid=2-s2.0-0034349727&doi=10.1648%2f0273-8570-71.1.117&partnerID=40&md5=aa0699c01fca5db8e1efa2ad408e7d92,,112
,,113
10.2307/3803257,,114
10.2307/1370415,,115
,,116
https://www.scopus.com/inward/record.uri?eid=2-s2.0-0033838232&doi=10.1676%2f0043-5643%282000%29112%5b0347%3aMATOWH%5d2.0.CO%3b2&partnerID=40&md5=4554bf2e4d29503e987c100e477c449c,,117
10.2307/3802993,,118
10.2307/3803003,,119
10.2307/3802754,,120
https://www.scopus.com/inward/record.uri?eid=2-s2.0-0034347834&doi=10.1648%2f0273-8570-71.3.501&partnerID=40&md5=2d89370ba5a74bc7e5f3956ae63e21ba,,121
https://www.scopus.com/inward/record.uri?eid=2-s2.0-0033977944&doi=10.1642%2f0004-8038%282000%29117%5b0184%3aEOPDOS%5d2.0.CO%3b2&partnerID=40&md5=bc42e60a15a5e2ba3ab0406e9c982406,,122
10.2307/3802758,,123
,,124
https://www.scopus.com/inward/record.uri?eid=2-s2.0-0035635252&doi=10.1648%2f0273-8570-72.2.236&partnerID=40&md5=dba6d0cf700e78e84676af0376acf694,,125
10.1650/0010-5422(2001)103[0481:EOIAAO]2.0.CO;2,,126
10.1890/1051-0761(2001)011[1533:BHCBAM]2.0.CO;2,,127
https://www.scopus.com/inward/record.uri?eid=2-s2.0-0035654164&doi=10.1139%2fz01-138&partnerID=40&md5=873530afbc3c53cde5d3f172690d59e6,,128
10.1650/0010-5422(2001)103[0343:MPOAMO]2.0.CO;2,,129
10.1002/etc.5620201234,,130
,,131
https://www.scopus.com/inward/record.uri?eid=2-s2.0-0035734686&doi=10.1676%2f0043-5643%282001%29113%5b0308%3aHRAHUO%5d2.0.CO%3b2&partnerID=40&md5=7bae7a887a0eca87e783f23f3ab5ef62,,132
10.1650/0010-5422(2001)103[0715:FMRTAW]2.0.CO;2,,133
,,134
10.2307/3802903,,135
https://www.scopus.com/inward/record.uri?eid=2-s2.0-0035104008&partnerID=40&md5=f61f39abf0250b3193f2e8c8b99b4791,,136
10.1016/S0006-3207(00)00193-2,,137
https://www.scopus.com/inward/record.uri?eid=2-s2.0-0000128065&doi=10.1017%2fS1367943001001263&partnerID=40&md5=1894c18d594a65eee1bc912abab2dd46,,138
,,139
,,140
10.3354/meps224267,,141
10.1648/0273-8570-73.3.276,,142
https://www.scopus.com/inward/record.uri?eid=2-s2.0-0036091949&partnerID=40&md5=2bc2540aef26690b89fbbdb585c672bb,,143
,,144
10.2307/3802881,,145
10.1648/0273-8570-73.2.206,,146
10.1650/0010-5422(2002)104[0319:TFIBCI]2.0.CO;2,,147
https://www.scopus.com/inward/record.uri?eid=2-s2.0-0036433416&doi=10.1139%2fz02-087&partnerID=40&md5=8ba257712ea1402d65328228d82c23bc,,148
10.1650/0010-5422(2002)104[0780:PSOPCE]2.0.CO;2,,149
10.2307/3803168,,150
10.2307/3802937,,151
,,152
,,153
https://www.scopus.com/inward/record.uri?eid=2-s2.0-0036823663&doi=10.2307%2f4090234&partnerID=40&md5=b31524df2333e1e6251d9c8a11c78551,,154
,,155
,,156
,,157
https://www.scopus.com/inward/record.uri?eid=2-s2.0-3242706747&partnerID=40&md5=794561cb0a1b5f92beb83ae2340fed3f,,158
https://www.scopus.com/inward/record.uri?eid=2-s2.0-0036817825&partnerID=40&md5=f8ba87bd7e25bc83557942ecc185ac78,,159
,,160
,,161
https://www.scopus.com/inward/record.uri?eid=2-s2.0-0036935682&doi=10.1034%2fj.1600-0587.2002.250610.x&partnerID=40&md5=38b6c59bfd4a8e458e6fa3b9edcb1dc9,,162
https://www.scopus.com/inward/record.uri?eid=2-s2.0-0036935620&partnerID=40&md5=df39cd29d5a9aa52a526956a891cacb3,,163
https://www.scopus.com/inward/record.uri?eid=2-s2.0-0036941913&partnerID=40&md5=bfb62591ca0bc15f4151d70b7ada2859,,164
10.1648/0273-8570-74.2.111,,165
10.1648/0273-8570-74.3.250,,166
10.1650/0010-5422(2003)105[0198:SOCHPR]2.0.CO;2,,167
10.1650/7174,,168
10.1650/7331,,169
10.2307/3803070,,170
https://www.scopus.com/inward/record.uri?eid=2-s2.0-0037225012&doi=10.2307%2f4090145&partnerID=40&md5=cb5a453a95862ef819c3eb08d0c5e347,,171
10.1648/0273-8570-74.1.1,,172
10.2307/3802711,,173
https://www.scopus.com/inward/record.uri?eid=2-s2.0-0038529731&doi=10.1017%2fS0959270903003046&partnerID=40&md5=dd41bcd21e0b01eed6c34f0c63462ed3,,174
10.1890/0012-9658(2003)084[0709:PRCAGS]2.0.CO;2,,175
https://www.scopus.com/inward/record.uri?eid=2-s2.0-0038375064&doi=10.1006%2fanbe.2003.2103&partnerID=40&md5=58724e2b7093b389b281652ed7691fb6,,176
https://www.scopus.com/inward/record.uri?eid=2-s2.0-0038349762&doi=10.1139%2fz03-063&partnerID=40&md5=8b3125afaeeb8f40fb24497656e12452,,177
10.1016/S0006-3207(02)00337-3,,178
10.1007/s00267-002-2920-3,,179
,,180
https://www.scopus.com/inward/record.uri?eid=2-s2.0-0141724870&doi=10.1894%2f0038-4909%282003%29048%3c0365%3aBGAAMO%3e2.0.CO%3b2&partnerID=40&md5=c743dbe3b4853951b2c8fc5bb91210a6,,181
10.1002/zoo.10101,,182
,,183
https://www.scopus.com/inward/record.uri?eid=2-s2.0-0347900769&doi=10.1111%2fj.0908-8857.2003.03107.x&partnerID=40&md5=dbb2b6973791d57dd5b54419cf42ce8d,,184
10.1650/7630,,185
10.2193/0091-7648(2004)32[194:RSAWRN]2.0.CO;2,,186
10.1650/7461,,187
10.1675/1524-4695(2004)027[0009:AAADBO]2.0.CO;2,,188
10.1675/1524-4695(2004)027[0147:DCMIRT]2.0.CO;2,,189
https://www.scopus.com/inward/record.uri?eid=2-s2.0-3142672875&doi=10.1674%2f0003-0031%282004%29152%5b0165%3aAUOSCP%5d2.0.CO%3b2&partnerID=40&md5=6b4f4af279ca9582388ceda4b4cff33e,,190
10.1675/1524-4695(2004)027[0183:HUAHRO]2.0.CO;2,,191
https://www.scopus.com/inward/record.uri?eid=2-s2.0-2942534718&partnerID=40&md5=9304f59d0931e541ccd8c0dcff48fe2e,,192
10.1650/7455,,193
10.1650/7508,,194
https://www.scopus.com/inward/record.uri?eid=2-s2.0-7444232655&doi=10.1007%2fs00267-004-8920-8&partnerID=40&md5=1b1b736eab52c17a58b478df2c4cfb3c,,195
,,196
,,197
10.2193/0022-541X(2004)068[0351:MHDITA]2.0.CO;2,,198
https://www.scopus.com/inward/record.uri?eid=2-s2.0-2942735513&doi=10.1894%2f0038-4909%282004%29049%3c0279%3aMAUFIR%3e2.0.CO%3b2&partnerID=40&md5=a7519088b50712a22059b7e1ebf0be8e,,199
10.1111/j.1523-1739.2004.00149.x,,200
10.2193/0022-541X(2004)068[0694:HPOUAR]2.0.CO;2,,201
10.2193/0091-7648(2004)032[0627:ACOEOR]2.0.CO;2,,202
10.2193/0022-541X(2004)068[1032:SRAROP]2.0.CO;2,,203
https://www.scopus.com/inward/record.uri?eid=2-s2.0-33645687061&partnerID=40&md5=00d5640cf75759e7e546a9c761f437c3,,204
10.1648/0273-8570-76.1.94,,205
10.1642/0004-8038(2005)122[0773:ASEFTA]2.0.CO;2,,206
10.1648/0273-8570-76.3.274,,207
10.22621/cfn.v119i4.185,,208
10.1007/s00442-004-1707-z,,209
10.1648/0273-8570-76.4.357,,210
10.1642/0004-8038(2005)122[1149:POTAWS]2.0.CO;2,,211
10.1650/7672,,212
https://www.scopus.com/inward/record.uri?eid=2-s2.0-25144444041&doi=10.1676%2f04-093.1&partnerID=40&md5=99a887bd982a1ebe7c6c22d859f6926c,,213
10.2193/0091-7648(2005)33[606:EOCPIF]2.0.CO;2,,214
10.1650/7611,,215
10.1648/0273-8570-76.3.279,,216
10.1650/7606,,217
10.22621/cfn.v119i3.151,,218
10.1648/0273-8570-76.2.109,,219
10.1650/0010-5422(2005)107[0481:LMABDO]2.0.CO;2,,220
10.2980/i1195-6860-12-2-216.1,,221
https://www.scopus.com/inward/record.uri?eid=2-s2.0-29244432484&doi=10.1676%2f04-114.1&partnerID=40&md5=7ffffd7da054ecbdf6da449e662c4c08,,222
https://www.scopus.com/inward/record.uri?eid=2-s2.0-17844394460&doi=10.1676%2f04-017&partnerID=40&md5=bcab9eb153a80434191ef84f39f3b7c0,,223
10.1642/0004-8038(2005)122[1210:PGOTGH]2.0.CO;2,,224
10.1111/j.1095-8312.2005.00427.x,,225
10.1111/j.1365-2664.2005.00999.x,,226
"Didiuk, A.B., Canadian Wildlife Service, 115 Perimeter Road, Saskatoon, Sask. S7N 0X4, Canada; Ferguson, R.S., Canadian Wildlife Service, 5204-50th Avenue, Yellowknife, North. Territ. X1A 1E2, Canada, MATRIX Resource Services, Box 1133, Golden, BC V0A 1H0, Canada",,227
10.2193/0022-541X(2005)069[0671:TROFPS]2.0.CO;2,,228
10.2193/0022-541X(2005)069[0601:FBOBAT]2.0.CO;2,,229
10.1007/s00442-005-0031-6,,230
10.2193/0091-7648(2005)33[1033:ESRIIT]2.0.CO;2,,231
10.2193/0091-7648(2005)33[1047:PBIBPS]2.0.CO;2,,232
10.2193/0091-7648(2005)33[1092:PEOROM]2.0.CO;2,,233
,,234
10.1016/j.biocon.2005.06.021,,235
https://www.scopus.com/inward/record.uri?eid=2-s2.0-33144480281&doi=10.1139%2fz05-154&partnerID=40&md5=d40b31f9b9fcec11e8c9c949005a40b6,,236
10.1890/05-0637,,237
10.1642/0004-8038(2006)123[877:PDPOMG]2.0.CO;2,,238
10.1111/j.1557-9263.2006.00030.x,,239
,,240
10.1650/0010-5422(2006)108[0097:EONHOP]2.0.CO;2,,241
10.1675/1524-4695(2006)29[115:EOBROF]2.0.CO;2,,242
10.3356/0892-1016(2006)40[1:TAFAOG]2.0.CO;2,,243
10.1007/s00442-005-0264-4,,244
https://www.scopus.com/inward/record.uri?eid=2-s2.0-33646257565&doi=10.1111%2fj.2006.0908-8857.03616.x&partnerID=40&md5=58ee81c87a6f79e0f51ea0d3d3bdee3b,,245
10.2193/0091-7648(2006)34[116:EOROPF]2.0.CO;2,,246
10.2193/0091-7648(2006)34[93:EOSTIO]2.0.CO;2,,247
10.2193/0022-541X(2006)70[812:EOAIRW]2.0.CO;2,,248
10.3356/0892-1016(2006)40[151:LOBEFA]2.0.CO;2,,249
10.1675/1524-4695(2006)29[148:EFWMAB]2.0.CO;2,,250
10.2193/0022-541X(2006)70[717:SPAMOM]2.0.CO;2,,251
10.1675/1524-4695(2006)29[127:SMONPF]2.0.CO;2,,252
https://www.scopus.com/inward/record.uri?eid=2-s2.0-33745819643&doi=10.1676%2f05-106.1&partnerID=40&md5=3a1f95c4f3dfa8fd0f5968dfe9e4063e,,253
10.1016/j.biocon.2005.12.026,,254
https://www.scopus.com/inward/record.uri?eid=2-s2.0-33746049413&partnerID=40&md5=f5f7d6a4c02294864ee458db0aa032ce,,255
https://www.scopus.com/inward/record.uri?eid=2-s2.0-33746093887&partnerID=40&md5=5237d8d949dc861dbd8e0d23d8782f98,,256
https://www.scopus.com/inward/record.uri?eid=2-s2.0-33746064478&partnerID=40&md5=34b84b168c474ef974ce62eb5c37382c,,257
10.3398/1527-0904(2006)66[298:SAROTE]2.0.CO;2,,258
10.1111/j.1469-7998.2006.00158.x,,259
10.1098/rsbl.2006.0487,,260
10.2193/0091-7648(2006)34[884:ASTBTI]2.0.CO;2,,261
10.2193/0091-7648(2006)34[890:ASTBTI]2.0.CO;2,,262
10.2980/i1195-6860-13-3-293.1,,263
10.2193/0091-7648(2006)34[1064:RSEOLP]2.0.CO;2,,264
10.2193/0022-541X(2006)70[1308:SMAWDO]2.0.CO;2,,265
,,266
10.2193/0022-541X(2006)70[1530:OITSE]2.0.CO;2,,267
https://www.scopus.com/inward/record.uri?eid=2-s2.0-34248994586&doi=10.1676%2f05-079.1&partnerID=40&md5=e8c176386b59734e218bea61c3e40b37,,268
10.3356/0892-1016(2006)40[270:EAGOAI]2.0.CO;2,,269
10.1111/j.1557-9263.2007.00109.x,,270
10.1111/j.1557-9263.2007.00103.x,,271
10.1642/0004-8038(2007)124[381:TPADIC]2.0.CO;2,,272
10.2193/2005-493,,273
https://www.scopus.com/inward/record.uri?eid=2-s2.0-34347241269&doi=10.1139%2fZ06-202&partnerID=40&md5=c9615e17659223b816b5570013d8da03,,274
10.1675/1524-4695(2007)030[0052:FEFSFT]2.0.CO;2,,275
10.1111/j.1523-1739.2007.00655.x,,276
10.2193/2005-554,,277
10.2193/2006-353,,278
10.2193/2005-778,,279
10.2193/2005-696,,280
10.1650/0010-5422(2007)109[256:EOOTSO]2.0.CO;2,,281
10.2193/2005-775,,282
10.1890/06-1213,,283
10.2193/2006-154,,284
10.1675/1524-4695(2007)30[189:DFPOAD]2.0.CO;2,,285
10.3356/0892-1016(2007)41[106:AMOBET]2.0.CO;2,,286
10.2193/2005-640,,287
,,288
10.1111/j.1365-2664.2007.01319.x,,289
10.1675/1524-4695(2007)030[0384:SHSONG]2.0.CO;2,,290
10.1007/s00265-007-0440-0,,291
https://www.scopus.com/inward/record.uri?eid=2-s2.0-42049118251&doi=10.1675%2f1524-4695%282007%29030%5b0105%3aSITMBA%5d2.0.CO%3b2&partnerID=40&md5=cf969141ac8f878f572b2fcf99232138,,292
10.1111/j.1557-9263.2008.00176.x,,293
https://www.scopus.com/inward/record.uri?eid=2-s2.0-67749101378&doi=10.1017%2fS0959270908000361&partnerID=40&md5=3a3d4e53cd71f3398e65a6cd1a505651,,294
10.1111/j.1557-9263.2008.00191.x,,295
10.1111/j.1095-8312.2007.00914.x,,296
10.1111/j.1557-9263.2008.00151.x,,297
10.1111/j.1557-9263.2008.00180.x,,298
10.1525/auk.2008.07154,,299
10.1007/s00267-007-9031-0,,300
10.1111/j.1365-2656.2008.01342.x,,301
,,302
10.1111/j.1469-1795.2008.00166.x,,303
10.1897/07-230.1,,304
10.1016/j.ecolmodel.2007.10.003,,305
https://www.scopus.com/inward/record.uri?eid=2-s2.0-64549122057&doi=10.1111%2fj.2008.0908-8857.04227.x.&partnerID=40&md5=248c62edacdb43982b2c4b0cb9c395bf,,306
10.1111/j.1365-2656.2008.01378.x,,307
10.2193/2007-415,,308
10.2193/2007-145,,309
,,310
https://www.scopus.com/inward/record.uri?eid=2-s2.0-52749084857&doi=10.1676%2f07-084.1&partnerID=40&md5=c2e1250c2e003da35328e2d76b8127b8,,311
10.1675/1524-4695-31.3.365,,312
https://www.scopus.com/inward/record.uri?eid=2-s2.0-52749093838&doi=10.1676%2f06-157.1&partnerID=40&md5=c33ea9f4dce078186fd6bd8124996221,,313
10.1098/rsbl.2008.0302,,314
10.2193/2008-135,,315
10.1093/beheco/arn073,,316
10.1525/cond.2008.8512,,317
10.1525/cond.2008.110.1.110,,318
10.1525/cond.2008.8602,,319
10.1525/cond.2008.8502,,320
10.1016/j.biocon.2008.09.014,,321
10.1890/08-0315.1,,322
10.3354/esr00063,,323
10.3354/meps07744,,324
10.2193/2007-590,,325
10.1111/j.1557-9263.2009.00249.x,,326
10.1111/j.1557-9263.2009.00210.x,,327
10.1111/j.1557-9263.2009.00235.x,,328
10.2193/2007-589,,329
10.7589/0090-3558-45.2.302,,330
10.1890/07-1072.1,,331
10.1525/auk.2009.08120,,332
https://www.scopus.com/inward/record.uri?eid=2-s2.0-62549149949&doi=10.1676%2f08-025.1&partnerID=40&md5=ae0dc89687cc1965271a522e8629e57d,,333
10.1675/063.032.0116,,334
10.2981/07-083,,335
https://www.scopus.com/inward/record.uri?eid=2-s2.0-65349171432&doi=10.1674%2f0003-0031-161.2.313&partnerID=40&md5=f99648efe448b50c35541e46fef90a7f,,336
10.1007/s00300-009-0618-1,,337
10.1098/rsbl.2008.0691,,338
10.1007/s00300-008-0580-3,,339
https://www.scopus.com/inward/record.uri?eid=2-s2.0-67649948845&doi=10.1111%2fj.1600-0587.2008.05512.x&partnerID=40&md5=36f39e112f7e277e6f32f7896b396ca0,,340
10.3356/JRR-08-43.1,,341
10.1675/063.032.0204,,342
10.3356/JRR-08-94.1,,343
https://www.scopus.com/inward/record.uri?eid=2-s2.0-67650067598&doi=10.1071%2fWR09015&partnerID=40&md5=e0d08f9ec9dfa52c1ffd456f3446c60d,,344
10.1525/cond.2009.080095,,345
10.1525/cond.2009.080054,,346
10.2193/2008-042,,347
https://www.scopus.com/inward/record.uri?eid=2-s2.0-77749243357&doi=10.1676%2f07-164.1&partnerID=40&md5=a3d90b81bed46ce926fe5ae063f3ad37,,348
10.2193/2008-151,,349
10.1525/cond.2009.090062,,350
https://www.scopus.com/inward/record.uri?eid=2-s2.0-70350097888&doi=10.1071%2fWR07185&partnerID=40&md5=764392017bfc23e4cf7203852a96c6fd,,351
,,352
https://www.scopus.com/inward/record.uri?eid=2-s2.0-72049116052&doi=10.1111%2fj.1600-0587.2009.05680.x&partnerID=40&md5=4be1ece8d4678ecaf14b22da2bdf7757,,353
10.2980/16-1-3198,,354
https://www.scopus.com/inward/record.uri?eid=2-s2.0-72649098101&doi=10.1676%2f09-040.1&partnerID=40&md5=3e7ed1b63fe7f0c91a80c1b2d3f8185f,,355
https://www.scopus.com/inward/record.uri?eid=2-s2.0-74349127903&partnerID=40&md5=c241387193617e99f08079a455513857,,356
https://www.scopus.com/inward/record.uri?eid=2-s2.0-73649127987&doi=10.1656%2f045.016.n402&partnerID=40&md5=8c58bc08f9f018f3808c939374556c92,,357
"Johnston, V.H., Canadian Wildlife Service, Environment Canada, P.O. Box 2310, Yellowknife, NT X1A 2P7, Canada; Pepper, S.T., Canadian Wildlife Service, Environment Canada, P.O. Box 2310, Yellowknife, NT X1A 2P7, Canada",,358
10.1111/j.1557-9263.2010.00277.x,,359
https://www.scopus.com/inward/record.uri?eid=2-s2.0-84906221923&doi=10.1656%2f058.009.0316&partnerID=40&md5=324f75a3843918bb4156ad910b6734e3,,360
10.7589/0090-3558-46.4.1325,,361
10.1007/s10336-009-0419-x,,362
10.7589/0090-3558-46.3.864,,363
10.1111/j.1557-9263.2010.00299.x,,364
10.1111/j.1557-9263.2010.00284.x,,365
10.1111/j.1557-9263.2009.00263.x,,366
10.1525/cond.2010.090049,,367
10.2193/2009-057,,368
10.1675/063.033.0103,,369
10.1525/cond.2010.090022,,370
10.2193/2008-598,,371
10.3354/esr00238,,372
,,373
10.1675/063.033.0217,,374
https://www.scopus.com/inward/record.uri?eid=2-s2.0-77952510166&doi=10.1676%2f09-099.1&partnerID=40&md5=cb6f6d14199a44b93fac5407b3fb93e0,,375
10.1007/s10336-010-0503-2,,376
10.2193/2009-248,,377
10.1675/063.033.0317,,378
10.1016/j.biocon.2010.06.027,,379
10.1525/cond.2010.090136,,380
10.1525/cond.2010.090215,,381
10.1111/j.1469-7998.2010.00723.x,,382
10.1111/j.1442-9993.2009.02083.x,,383
10.1675/063.033.0414,,384
,,385
,,386
https://www.scopus.com/inward/record.uri?eid=2-s2.0-78650459347&doi=10.1656%2f058.009.0407&partnerID=40&md5=5fc34cfedeabbd157e88e0d0bfcba9e3,,387
10.1675/063.033.0404,,388
,,389
https://www.scopus.com/inward/record.uri?eid=2-s2.0-78650602072&doi=10.1071%2fWR10062&partnerID=40&md5=1af16fd3178c91df8fbbc656990f2689,,390
10.1016/j.biocon.2010.08.024,,391
10.1525/auk.2011.11087,,392
10.1111/j.1557-9263.2011.00319.x,,393
10.14430/arctic4099,,394
10.1002/jwmg.5,,395
10.1525/auk.2011.10217,,396
10.1002/jwmg.44,,397
10.1525/cond.2011.090243,,398
10.1002/jwmg.42,,399
10.1002/jwmg.52,,400
,,401
10.1890/09-2047.1,,402
10.1002/wsb.24,,403
10.1002/jwmg.154,,404
10.1890/ES10-00187.1,,405
10.1016/j.foreco.2010.07.037,,406
10.1002/jwmg.142,,407
10.1525/cond.2011.100186,,408
10.1002/jwmg.222,,409
https://www.scopus.com/inward/record.uri?eid=2-s2.0-82555187463&doi=10.1017%2fS0959270910000614&partnerID=40&md5=91d958f6ff50c62228465830f0d81ce0,,410
10.1675/063.034.0301,,411
10.1002/jwmg.205,,412
https://www.scopus.com/inward/record.uri?eid=2-s2.0-80355132561&doi=10.1139%2fz11-090&partnerID=40&md5=6a86d694485da774bde058be0148a5e9,,413
10.1002/jwmg.211,,414
https://www.scopus.com/inward/record.uri?eid=2-s2.0-82955213481&doi=10.1676%2f10-196.1&partnerID=40&md5=d06d260743b6d550e55afd5104581cc4,,415
10.3996/042011-JFWM-026,,416
10.22621/cfn.v126i2.1332,,417
10.1111/j.1557-9263.2012.00378.x,,418
10.1111/j.1557-9263.2012.00368.x,,419
10.1525/auk.2012.11256,,420
10.1002/jwmg.414,,421
10.1007/s00442-011-2214-7,,422
10.1525/auk.2012.11244,,423
10.1002/jwmg.282,,424
10.1007/s10336-011-0695-0,,425
10.1002/wsb.118,,426
10.1111/j.1365-2656.2011.01912.x,,427
10.1002/jwmg.290,,428
10.1111/j.2041-210X.2011.00161.x,,429
10.1525/cond.2012.110065,,430
10.1002/wsb.136,,431
10.3356/JRR-11-18.1,,432
10.1002/wsb.134,,433
10.1002/jwmg.337,,434
10.1002/jwmg.341,,435
10.1002/jwmg.371,,436
https://www.scopus.com/inward/record.uri?eid=2-s2.0-84864538008&partnerID=40&md5=0d7286ccce00dc3599428f06a9e294fe,,437
10.1002/jwmg.392,,438
10.3356/JRR-10-77.1,,439
10.1675/063.035.0304,,440
10.1111/j.1365-2664.2012.02185.x,,441
10.1098/rsbl.2012.0359,,442
10.1007/s00300-012-1211-6,,443
10.1016/j.biocon.2011.11.017,,444
10.2174/1874453201205010082,,445
,,446
10.1111/j.2041-210X.2012.00206.x,,447
10.1675/063.035.sp105,,448
10.1016/j.foreco.2012.07.051,,449
10.3996/032011-JFWM-023,,450
10.2174/1874453201205010061,,451
10.1111/jofo.12032,,452
10.1111/jofo.12019,,453
https://www.scopus.com/inward/record.uri?eid=2-s2.0-84872844340&doi=10.1674%2f0003-0031-169.1.214&partnerID=40&md5=ac479dea08a0eb9cd93877caa86fb470,,454
10.1111/ibi.12018,,455
10.1525/auk.2013.12150,,456
10.1016/j.foreco.2012.08.046,,457
10.1111/jofo.12039,,458
10.1675/063.036.0107,,459
,,460
10.1525/auk.2013.12228,,461
10.1525/cond.2013.110176,,462
https://www.scopus.com/inward/record.uri?eid=2-s2.0-84876515225&doi=10.1656%2f045.020.0101&partnerID=40&md5=e2e00003f113cad5fd7ba68d8e707b48,,463
10.1016/j.biocon.2012.12.013,,464
10.1002/jwmg.520,,465
10.1002/jwmg.496,,466
10.1002/jwmg.529,,467
,,468
https://www.scopus.com/inward/record.uri?eid=2-s2.0-84880095720&doi=10.1656%2f058.012.0213&partnerID=40&md5=6679022e8cb62d0e9e3af8ddb5231e43,,469
10.1016/j.anbehav.2013.03.007,,470
10.1111/geb.12014,,471
10.2980/20-2-3584,,472
10.1525/cond.2013.110168,,473
10.1002/jwmg.570,,474
10.1111/ddi.12093,,475
10.1002/jwmg.559,,476
10.1525/cond.2013.120149,,477
10.1139/cjz-2013-0008,,478
10.1525/cond.2013.120153,,479
10.1002/jwmg.573,,480
10.3356/JRR-12-21.1,,481
10.1016/j.foreco.2013.04.045,,482
10.1675/063.036.0307,,483
10.1016/j.foreco.2013.04.041,,484
10.1675/063.036.0309,,485
10.1525/cond.2013.120176,,486
10.1002/jwmg.607,,487
10.1525/cond.2013.110195,,488
10.1002/ece3.791,,489
10.1676/13-015.1,,490
10.1676/13-043.1,,491
10.1007/s00442-013-2698-4,,492
10.1016/j.foreco.2013.04.001,,493
10.1002/jwmg.768,,494
10.1002/jwmg.738,,495
10.1676/13-098.1,,496
10.1676/13-100.1,,497
10.1093/beheco/aru044,,498
https://www.scopus.com/inward/record.uri?eid=2-s2.0-84904054203&doi=10.1111%2fjav.00276&partnerID=40&md5=e047d347f47e7fc78539e3de01152b10,,499
10.1002/zoo.21174,,500
10.1676/14-035.1,,501
10.1002/jwmg.708,,502
10.1002/wsb.437,,503
10.3356/JRR-OSPR-13-01.1,,504
,,505
https://www.scopus.com/inward/record.uri?eid=2-s2.0-84904062686&doi=10.1111%2fjav.00375&partnerID=40&md5=3e1edf0fa469612dbf85f97b07483e6b,,506
10.1002/jwmg.724,,507
10.1002/jwmg.647,,508
10.1007/s10336-014-1067-3,,509
10.1002/jwmg.690,,510
10.3356/JRR-14-00035.1,,511
https://www.scopus.com/inward/record.uri?eid=2-s2.0-84940226114&doi=10.1656%2f045.021.0115&partnerID=40&md5=42bb27e5ede5ccf392231891a904bb4e,,512
10.14403/arctic4420,,513
10.14430/arctic4406,,514
https://www.scopus.com/inward/record.uri?eid=2-s2.0-84897547680&doi=10.1656%2f058.013.0107&partnerID=40&md5=40f65a03387f0f5dfcb912d124b7e4fe,,515
10.1002/jwmg.696,,516
,,517
10.1111/1365-2656.12205,,518
10.1002/wsb.384,,519
https://www.scopus.com/inward/record.uri?eid=2-s2.0-84922059056&partnerID=40&md5=1e1c1e506edc2bc83e23dccae0e9352e,,520
10.1676/13-029.1,,521
10.3356/JRR-13-00005.1,,522
10.14430/arctic4419,,523
abundance; archipelago; geographical distribution; habitat structure; population distribution; satellite imagery; site investigation; species diversity; waterfowl; Cuba; Anatidae,,524
10.1002/wmon.1013,,525
10.1016/j.foreco.2013.10.048,,526
10.1650/CONDOR-13-024.1,,527
10.1016/j.foreco.2014.07.030,,528
10.1890/13-2168.1,,529
10.1111/jofo.12081,,530
10.1186/s40462-015-0046-5,,531
https://www.scopus.com/inward/record.uri?eid=2-s2.0-84941958908&doi=10.1071%2fWR14238&partnerID=40&md5=512bb0aa55f30ba9e678dfedc4b46f92,,532
10.1071/WR14199,,533
10.1186/s40462-016-0067-8,,534
10.1676/14-038.1,,535
https://www.scopus.com/inward/record.uri?eid=2-s2.0-84945496092&doi=10.1080%2f00063657.2015.1073678&partnerID=40&md5=ece857417df03e6f8aa0e065273d4e79,,536
https://www.scopus.com/inward/record.uri?eid=2-s2.0-84931826019&doi=10.3398%2f064.075.0112&partnerID=40&md5=0c633363df1d5427cc0193a99508a347,,537
10.1111/1365-2664.12438,,538
https://www.scopus.com/inward/record.uri?eid=2-s2.0-84937126017&doi=10.1674%2f0003-0031-174.1.117&partnerID=40&md5=1dd41aaa7fc03092c1fc53572cf6e7b7,,539
10.1093/beheco/aru137,,540
10.3356/JRR-14-50.1,,541
10.1002/jwmg.847,,542
10.1676/wils-127-02-302-309.1,,543
10.1186/s40462-016-0075-8,,544
10.1675/063.038.0205,,545
10.1675/063.038.0106,,546
10.3354/esr00682,,547
10.3356/JRR-13-00052.1,,548
10.1111/ibi.12217,,549
10.1002/jwmg.942,,550
10.1002/jwmg.957,,551
10.1002/jwmg.873,,552
10.1002/jwmg.876,,553
10.1002/jwmg.916,,554
10.5479/data.smbc.20140815,,555
10.1111/jofo.12085,,556
10.1111/ibi.12228,,557
10.1650/CONDOR-14-182.1,,558
10.1016/j.ecolmodel.2015.02.010,,559
10.1111/ibi.12261,,560
10.1642/AUK-15-33.1,,561
10.22621/cfn.v129i3.1721,,562
10.5751/ACE-00719-100103,,563
10.1016/j.biocon.2014.11.013,,564
10.1650/CONDOR-14-209.1,,565
10.1007/s00442-015-3300-z,,566
https://www.scopus.com/inward/record.uri?eid=2-s2.0-84941748804&doi=10.1111%2fjav.00672&partnerID=40&md5=3980a7c459eb7677f8c9a9ae1ea9ae66,,567
10.1675/063.038.0302,,568
10.1002/jwmg.920,,569
10.1002/jwmg.924,,570
https://www.scopus.com/inward/record.uri?eid=2-s2.0-84942595030&doi=10.1674%2f0003-0031-174.2.343&partnerID=40&md5=b02ab41024b97025ec50d3d025310e4c,,571
10.1016/j.foreco.2015.06.009,,572
10.1093/beheco/arv110,,573
10.1016/j.rama.2015.07.008,,574
10.1098/rsbl.2015.0593,,575
10.18194/ws.00021,,576
10.1676/14-179,,577
10.18194/ws.00020,,578
10.1093/beheco/arv189,,579
10.5751/ACE-00876-110204,,580
10.1111/ibi.12331,,581
10.1650/CONDOR-15-139.1,,582
10.1642/AUK-15-160.1,,583
10.1016/j.foreco.2015.09.039,,584
10.1002/jwmg.1001,,585
10.1111/aec.12277,,586
10.1111/cobi.12569,,587
10.1676/wils-128-01-97-107.1,,588
10.3356/rapt-50-01-54-59.1,,589
10.14430/arctic4544,,590
10.1016/j.foreco.2015.12.021,,591
10.3356/rapt-50-01-3-22.1,,592
10.1676/wils-128-01-150-158.1,,593
10.1111/jofo.12131,,594
10.1002/ece3.1992,,595
10.1890/15-0934/suppinfo,,596
10.1002/jwmg.1030,,597
10.1650/CONDOR-15-140.1,,598
10.1002/jwmg.1066,,599
10.1676/1559-4491-128.2.429,,600
10.1111/jofo.12150,,601
10.1002/wsb.643,,602
10.1002/wsb.661,,603
10.1002/wsb.648,,604
10.3356/rapt-50-02-161-175.1,,605
10.7589/2015-02-029,,606
10.1007/s10336-016-1330-x,,607
10.1650/CONDOR-16-7.1,,608
10.1650/CONDOR-16-30.1,,609
10.18194/ws.00035,,610
10.1676/1559-4491-128.3.642,,611
10.1002/wsb.669,,612
10.1675/063.039.0303,,613
,,614
10.1002/jwmg.21114,,615
10.1002/jwmg.21124,,616
10.1676/15-172.1,,617
10.1675/063.039.0412,,618
10.3996/112015-JFWM-110,,619
https://www.scopus.com/inward/record.uri?eid=2-s2.0-85011357434&doi=10.3398%2f064.076.0409&partnerID=40&md5=c814b2a9cb350680c93289358d7e0eee,,620
"Carroll, J.M., Dept of Natural Resource Ecology and Management, Oklahoma State Univ., Stillwater, OK  74078, United States; Hamm, R.L., Dept of Natural Resource Ecology and Management, Oklahoma State Univ., Stillwater, OK  74078, United States; Hagen, J.M., Dept of Natural Resource Ecology and Management, Oklahoma State Univ., Stillwater, OK  74078, United States; Davis, C.A., Dept of Natural Resource Ecology and Management, Oklahoma State Univ., Stillwater, OK  74078, United States; Guthery, F.S., Dept of Natural Resource Ecology and Management, Oklahoma State Univ., Stillwater, OK  74078, United States",,621
10.1002/jwmg.21171,,622
10.5751/ACE-00953-120108,,623
10.1016/j.rama.2016.09.001,,624
10.1071/WR17027,,625
https://www.scopus.com/inward/record.uri?eid=2-s2.0-85019193204&doi=10.21199%2fWB48.1.2&partnerID=40&md5=bad5d5ed43ddfbbe9a6e58b30d224463,,626
10.1675/063.040.sp104,,627
10.1002/jwmg.21214,,628
10.1002/zoo.21367,,629
10.1002/jwmg.21231,,630
10.1676/15-055.1,,631
10.1111/jofo.12198,,632
,,633
10.3389/fevo.2017.00063,,634
10.1002/ece3.3021,,635
10.1642/AUK-16-147.1,,636
10.1002/jwmg.21254,,637
10.1007/s10144-017-0585-2,,638
10.1016/j.gecco.2017.08.001,,639
10.1016/j.rama.2017.01.007,,640
10.1186/s40462-017-0106-0,,641
10.1002/ecm.1253,,642
10.1650/CONDOR-16-76.1,,643
10.1002/jwmg.21272,,644
10.1002/jwmg.21277,,645
10.1676/16-097.1,,646
10.3356/JRR-16-72.1,,647
10.1002/jwmg.21289,,648
10.1002/wsb.799,,649
10.1002/jwmg.21284,,650
10.1675/063.040.0306,,651
10.1002/wsb.791,,652
https://www.scopus.com/inward/record.uri?eid=2-s2.0-85035798456&doi=10.1111%2fjav.01450&partnerID=40&md5=9caf5451588a8c9c7e4da985d1e9358e,,653
10.1650/CONDOR-16-154.1,,654
10.1111/jofo.12226,,655
10.1676/17-023.1,,656
10.1002/wsb.827,,657
10.1002/wsb.833,,658
10.1642/AUK-17-69.1,,659
10.1642/AUK-17-67.1,,660
10.1642/AUK-17-105.1,,661
10.1002/zoo.21394,,662
10.1139/cjz-2018-0121,,663
,,664
https://www.scopus.com/inward/record.uri?eid=2-s2.0-85042237917&doi=10.2981%2fwlb.00362&partnerID=40&md5=4f218a9a3f2d21988822cca781383fdc,,665
10.1002/jwmg.21378,,666
10.1676/16-069.1,,667
10.1111/jofo.12245,,668
10.1111/jofo.12238,,669
10.1002/wsb.846,,670
10.1002/jwmg.21416,,671
10.1642/AUK-17-137.1,,672
10.1002/jwmg.21403,,673
10.1642/AUK-17-113.1,,674
10.3354/meps12534,,675
10.1650/CONDOR-17-100.1,,676
10.1676/16-214.1,,677
10.5751/ACE-01190-130112,,678
10.1111/jofo.12254,,679
10.1676/16-222.1,,680
10.5751/ACE-01147-130105,,681
10.1675/063.041.0206,,682
10.3356/JRR-17-19.1,,683
10.1642/AUK-18-4.1,,684
10.1642/AUK-17-219.1,,685
10.1111/2041-210X.13016,,686
10.1002/jwmg.21451,,687
10.1002/jwmg.21441,,688
10.1642/AUK-17-205.1,,689
10.1002/jwmg.21483,,690
10.1002/wsb.910,,691
10.1002/jwmg.21504,,692
10.1111/jofo.12263,,693
10.1111/ibi.12615,,694
10.1642/AUK-17-229.1,,695
10.1642/AUK-18-23.1,,696
10.1642/AUK-17-202.1,,697
10.1642/AUK-17-212.1,,698
10.1002/ece3.4506,,699
10.1016/j.ecolmodel.2018.08.006,,700
10.1002/jwmg.21545,,701
10.1002/jwmg.21532,,702
10.1111/2041-210X.13065,,703
10.1111/aec.12629,,704
10.1111/ddi.12830,,705
https://www.scopus.com/inward/record.uri?eid=2-s2.0-85059092020&doi=10.2981%2fwlb.00391&partnerID=40&md5=2e1e96474c20fb23004c08cd1c7ffe6d,,706
10.1676/1559-4491.130.4.932,,707
10.1111/jofo.12275,,708
10.1093/condor/duz032,,709
10.1002/ecs2.2548,,710
10.3996/102018-JFWM-098,,711
10.3354/meps13145,,712
,,713
10.1675/063.042.0102,,714
10.1093/condor/duz030,,715
10.1002/jwmg.21573,,716
10.3389/fevo.2019.00317,,717
10.1002/ece3.5479,,718
10.1002/jwmg.21595,,719
10.1016/j.anbehav.2018.11.009,,720
10.1002/jwmg.21605,,721
10.3356/JRR-18-22,,722
10.1002/1438-390X.1019,,723
10.1111/1365-2664.13328,,724
10.1093/beheco/ary177,,725
10.1093/beheco/ary173,,726
10.1676/18-79,,727
https://www.scopus.com/inward/record.uri?eid=2-s2.0-85068178348&doi=10.1656%2f058.018.0206&partnerID=40&md5=3e142b8edad655c6f3bba0c51905289b,,728
https://www.scopus.com/inward/record.uri?eid=2-s2.0-85065467329&doi=10.3398%2f064.079.0111&partnerID=40&md5=ba7a7c155aaffcd9f52284c8fa543749,,729
10.1111/geb.12881,,730
10.1002/jwmg.21644,,731
10.1002/jwmg.21647,,732
10.1093/condor/duy005,,733
10.1093/condor/duy014,,734
10.1111/jofo.12291,,735
10.1676/18-34,,736
10.1676/18-38,,737
10.1002/wsb.966,,738
10.1002/jwmg.21683,,739
10.1093/auk/ukz017,,740
10.18194/ws.00145,,741
10.1676/17-23,,742
10.1675/063.041.0402,,743
10.1676/18-171,,744
10.3389/fevo.2019.00329,,745
10.1016/j.gecco.2019.e00728,,746
10.1016/j.biocon.2019.108220,,747
10.1111/1365-2656.13043,,748
10.1002/zoo.21514,,749
10.5751/ACE-01418-140210,,750
https://www.scopus.com/inward/record.uri?eid=2-s2.0-85076792297&doi=10.1656%2f045.026.0413&partnerID=40&md5=a1ae16df4bf8bb6cd605da2b638c393c,,751
10.1111/jav.02182,,752
https://www.scopus.com/inward/record.uri?eid=2-s2.0-85076138764&doi=10.1017%2fS0959270918000394&partnerID=40&md5=8601e515204d388f7b8afa01a1b65aa4,,753
10.5751/ACE-01408-140202,,754
,,755
10.1111/ibi.12726,,756
,,757
10.2981/wlb.00598,,758
10.1002/jwmg.21767,,759
Article in Press,,760
10.1675/063.042.0402,,761
10.1002/ecy.2943,,762
10.1111/ddi.13015,,763
10.1002/wsb.1068,,764
10.1002/wsb.1076,,765
10.1111/jofo.12324,,766
10.1111/ibi.12766,,767
10.1111/2041-210X.13365,,768
10.1016/j.anbehav.2020.04.013,,769